id;name;email;contact_number;address;postal;is_agree_terms;created_date;updated_date;activated_date;status
1;Multi-channelled Licensed;Cody_Homenick@yahoo.com;Canyon HDD;Table Small Frozen Sausages Planner;envisioneer Music Public-key;false;2019-08-31T02:55:46;2019-08-30T21:05:41;2019-08-31T10:33:50;true
2;backing up Salad;Destiney_Deckow@yahoo.com;convergence;Mayotte;Industrial;true;2019-08-30T18:53:24;2019-08-31T02:41:56;2019-08-30T14:56:43;false
3;Communications capacitor archive;Cleve96@yahoo.com;navigating;interactive generating compelling;Home Loan Account;false;2019-08-31T10:06:39;2019-08-31T06:22:57;2019-08-30T18:14:25;false
4;Industrial;Olin29@yahoo.com;Jewelery;monitor;1080p Checking Account Identity;true;2019-08-31T10:42:43;2019-08-30T15:32:03;2019-08-30T16:46:43;true
5;Highway Ergonomic;Elvera66@yahoo.com;New York tangible Mississippi;Frozen bus;hard drive Robust Networked;false;2019-08-31T00:56:51;2019-08-30T20:26:14;2019-08-31T03:13:55;false
6;partnerships;Alexandrea.Tremblay@gmail.com;Montana;Corporate Phased relationships;white Brand Money Market Account;true;2019-08-31T09:37:25;2019-08-30T16:21:43;2019-08-30T15:10:49;true
7;modular Refined Squares;Ciara_Johns53@gmail.com;back-end;granular Direct contextually-based;synergies copying;true;2019-08-31T06:10:42;2019-08-31T13:19:34;2019-08-31T09:32:28;true
8;supply-chains magenta;Dominic94@gmail.com;conglomeration;Oklahoma facilitate;Engineer;true;2019-08-31T07:34:05;2019-08-31T07:27:01;2019-08-30T20:46:54;false
9;capability zero tolerance Computers;Weston.Kuvalis@yahoo.com;encompassing;deposit Canadian Dollar Lebanon;Designer Persistent;true;2019-08-31T11:33:09;2019-08-30T19:12:51;2019-08-31T04:37:17;false
10;transmitter;Janice_Murray39@yahoo.com;bypassing optical;installation;Argentine Peso;true;2019-08-30T23:18:42;2019-08-31T05:40:12;2019-08-30T21:13:54;false
